prime,A,x0,trials,param_a_count,class_number
101,20,72,2,1,6
101,4,69,20,1,6
101,39,75,1,1,6
101,20,55,3,1,6
101,27,69,6,1,6
101,81,39,2,1,6
101,39,28,3,1,6
101,97,62,7,1,6
101,33,50,2,1,6
101,38,46,9,1,6
101,38,44,2,1,6
101,4,32,10,1,6
101,39,46,16,1,6
101,63,39,5,1,6
101,97,69,10,1,6
101,20,46,14,1,6
101,33,55,4,1,6
101,97,32,7,1,6
101,39,83,6,1,6
101,68,8,15,1,6
103,44,64,3,1,6
103,77,17,5,1,6
103,26,84,5,1,6
103,39,74,1,1,6
103,80,50,1,1,6
103,64,29,18,1,6
103,44,34,7,1,6
103,80,68,21,1,6
103,59,40,6,1,6
103,59,37,8,1,6
103,56,22,4,1,6
103,91,68,3,1,6
103,47,82,23,1,6
103,91,50,2,1,6
103,77,19,9,1,6
103,12,11,3,1,6
103,80,16,5,1,6
103,12,75,8,1,6
103,80,58,7,1,6
103,80,36,9,1,6
107,88,89,2,2,1
107,99,49,1,2,7
107,47,71,2,2,1
107,8,67,1,2,7
107,8,88,3,2,7
107,47,45,4,2,1
107,33,53,4,2,7
107,47,17,7,2,1
107,1,95,4,2,7
107,62,27,17,2,7
107,79,64,2,2,7
107,88,100,29,2,1
107,33,99,11,2,7
107,60,19,2,2,1
107,88,40,8,2,1
107,47,43,7,2,1
107,73,29,3,2,7
107,19,18,6,2,1
107,73,48,2,2,7
107,79,61,5,2,7
109,85,30,3,2,2
109,11,4,5,2,2
109,27,93,2,2,2
109,82,84,13,2,2
109,102,100,1,2,2
109,16,85,10,2,2
109,7,34,5,2,2
109,85,90,1,2,2
109,10,32,1,2,4
109,24,17,1,2,2
109,102,104,3,2,2
109,16,31,10,2,2
109,65,53,1,2,4
109,82,27,2,2,2
109,85,47,14,2,2
109,44,57,10,2,4
109,16,52,2,2,2
109,99,95,4,2,4
109,82,73,5,2,2
109,93,56,2,2,2
113,95,46,3,2,4
113,95,66,1,2,4
113,35,74,8,2,4
113,81,60,3,2,4
113,87,28,2,2,4
113,26,50,4,2,4
113,18,73,10,2,4
113,104,83,3,2,4
113,35,73,7,2,4
113,28,81,1,2,4
113,5,105,3,2,4
113,107,80,11,2,4
113,107,107,2,2,4
113,35,34,1,2,4
113,47,9,4,2,4
113,112,55,1,2,4
113,6,34,7,2,4
113,78,61,1,2,4
113,35,75,1,2,4
113,35,57,3,2,4
127,60,112,5,1,5
127,60,62,5,1,5
127,24,34,10,1,5
127,67,3,6,1,5
127,116,7,14,1,5
127,67,115,2,1,5
127,32,32,7,1,5
127,116,87,5,1,5
127,32,98,4,1,5
127,95,88,31,1,5
127,24,85,14,1,5
127,11,24,30,1,5
127,60,102,1,1,5
127,72,72,10,1,5
127,116,69,4,1,5
127,67,60,1,1,5
127,116,109,5,1,5
127,24,12,2,1,5
127,118,110,3,1,5
127,72,122,2,1,5
131,107,16,7,1,5
131,68,41,3,1,5
131,10,89,3,1,5
131,49,65,5,1,5
131,68,123,1,1,5
131,14,51,2,1,5
131,49,91,11,1,5
131,1,9,13,1,5
131,73,124,5,1,5
131,21,102,2,1,5
131,97,8,8,1,5
131,107,20,8,1,5
131,1,34,18,1,5
131,49,43,2,1,5
131,1,108,1,1,5
131,130,23,4,1,5
131,97,83,1,1,5
131,84,50,1,1,5
131,98,92,2,1,5
131,43,81,3,1,5
137,74,64,1,2,4
137,52,29,2,2,2
137,3,30,2,2,4
137,74,126,5,2,4
137,81,22,15,2,4
137,97,11,6,2,4
137,90,85,4,2,2
137,97,25,2,2,4
137,76,116,5,2,4
137,125,119,2,2,4
137,63,128,6,2,4
137,74,74,4,2,4
137,125,30,7,2,4
137,40,112,1,2,4
137,74,88,3,2,4
137,13,65,8,2,4
137,18,19,9,2,4
137,134,105,4,2,4
137,85,85,3,2,2
137,74,123,7,2,4
139,72,67,3,2,5
139,94,52,2,2,4
139,84,5,1,2,5
139,36,63,9,2,5
139,78,97,2,2,4
139,135,91,1,2,4
139,70,112,3,2,5
139,78,53,2,2,4
139,67,27,2,2,5
139,4,76,6,2,4
139,78,21,1,2,4
139,138,105,2,2,5
139,69,3,2,2,5
139,29,69,6,2,5
139,112,54,1,2,5
139,78,27,3,2,4
139,43,124,3,2,5
139,70,25,1,2,5
139,36,64,1,2,5
139,138,18,4,2,5
149,65,138,3,2,2
149,42,90,4,2,2
149,97,18,6,2,6
149,90,98,1,2,6
149,19,72,4,2,6
149,130,21,22,2,6
149,130,97,7,2,6
149,110,142,11,2,2
149,84,43,1,2,2
149,90,108,2,2,6
149,82,126,7,2,6
149,32,136,7,2,6
149,39,133,8,2,2
149,24,146,5,2,2
149,33,129,26,2,2
149,39,67,8,2,2
149,59,38,1,2,6
149,59,87,1,2,6
149,33,9,5,2,2
149,33,5,9,2,2
151,8,84,11,2,6
151,72,80,1,2,1
151,15,65,2,2,6
151,143,67,12,2,6
151,114,28,27,2,6
151,54,19,3,2,1
151,114,126,20,2,6
151,84,136,18,2,6
151,136,8,2,2,6
151,89,81,1,2,6
151,54,78,7,2,1
151,103,142,20,2,6
151,54,127,13,2,1
151,114,146,4,2,6
151,108,31,1,2,6
151,116,94,7,2,6
151,15,143,2,2,6
151,43,79,3,2,6
151,79,73,8,2,1
151,35,57,18,2,6
157,18,84,21,1,8
157,138,98,8,1,8
157,154,134,2,1,8
157,136,133,4,1,8
157,21,84,5,1,8
157,34,50,8,1,8
157,40,80,1,1,8
157,118,32,31,1,8
157,21,66,4,1,8
157,154,116,2,1,8
157,55,6,5,1,8
157,136,85,14,1,8
157,117,142,4,1,8
157,55,131,24,1,8
157,19,84,32,1,8
157,118,55,4,1,8
157,18,98,2,1,8
157,55,94,25,1,8
157,18,43,17,1,8
157,40,43,6,1,8
163,54,125,8,1,10
163,31,14,30,1,10
163,32,140,24,1,10
163,144,69,2,1,10
163,156,131,2,1,10
163,116,23,3,1,10
163,7,106,1,1,10
163,32,58,25,1,10
163,19,89,5,1,10
163,13,57,2,1,10
163,7,141,1,1,10
163,31,160,2,1,10
163,54,30,15,1,10
163,4,46,2,1,10
163,47,22,8,1,10
163,31,146,5,1,10
163,109,126,8,1,10
163,109,155,22,1,10
163,13,47,12,1,10
163,124,7,12,1,10
167,86,47,2,2,3
167,148,32,3,2,7
167,17,94,4,2,3
167,19,135,5,2,7
167,86,6,2,2,3
167,133,15,9,2,3
167,45,52,5,2,7
167,150,73,1,2,3
167,34,78,6,2,3
167,112,28,10,2,7
167,17,63,10,2,3
167,128,46,1,2,3
167,47,14,3,2,7
167,79,85,3,2,3
167,88,139,7,2,3
167,108,131,18,2,3
167,55,73,4,2,7
167,45,17,4,2,7
167,88,78,2,2,3
167,17,42,20,2,3
173,13,21,3,2,6
173,18,42,13,2,6
173,170,161,1,2,6
173,157,154,12,2,6
173,121,88,1,2,6
173,24,149,4,2,6
173,88,64,1,2,6
173,71,65,3,2,6
173,32,160,1,2,6
173,62,50,4,2,6
173,157,134,5,2,6
173,154,5,3,2,6
173,111,102,5,2,6
173,19,69,5,2,6
173,7,70,2,2,6
173,170,72,6,2,6
173,71,103,5,2,6
173,155,63,3,2,6
173,170,170,8,2,6
173,119,2,3,2,6
179,142,39,1,2,5
179,37,23,2,2,5
179,13,114,2,2,5
179,147,2,2,2,10
179,54,71,6,2,10
179,41,82,1,2,10
179,165,41,2,2,10
179,65,104,1,2,5
179,142,156,7,2,5
179,125,101,2,2,10
179,142,68,2,2,5
179,171,151,4,2,10
179,12,168,1,2,10
179,43,111,8,2,5
179,114,45,8,2,5
179,68,169,2,2,10
179,111,55,2,2,10
179,81,83,1,2,10
179,43,41,1,2,5
179,57,101,3,2,5
181,165,27,4,2,8
181,134,26,4,2,8
181,150,140,1,2,8
181,72,89,1,2,4
181,117,115,7,2,4
181,89,138,4,2,8
181,18,47,16,2,8
181,120,106,2,2,8
181,171,29,5,2,8
181,18,104,1,2,8
181,165,133,6,2,8
181,106,16,3,2,8
181,98,161,3,2,8
181,75,13,2,2,8
181,72,32,2,2,4
181,152,125,9,2,8
181,89,119,4,2,8
181,83,36,2,2,8
181,134,160,16,2,8
181,67,135,6,2,8
191,157,115,4,1,13
191,159,184,11,1,13
191,4,5,4,1,13
191,28,39,13,1,13
191,127,64,8,1,13
191,4,12,1,1,13
191,187,7,2,1,13
191,147,113,4,1,13
191,4,142,8,1,13
191,170,15,10,1,13
191,64,62,8,1,13
191,190,102,7,1,13
191,158,149,1,1,13
191,34,60,2,1,13
191,127,86,3,1,13
191,32,36,4,1,13
191,21,176,6,1,13
191,6,110,3,1,13
191,14,61,4,1,13
191,77,102,2,1,13
193,44,87,19,1,8
193,64,69,8,1,8
193,149,73,6,1,8
193,170,80,8,1,8
193,159,94,6,1,8
193,52,160,12,1,8
193,143,62,9,1,8
193,143,54,6,1,8
193,23,178,10,1,8
193,19,137,3,1,8
193,23,22,3,1,8
193,46,27,8,1,8
193,50,16,2,1,8
193,23,115,3,1,8
193,143,177,3,1,8
193,149,89,18,1,8
193,133,92,5,1,8
193,64,130,8,1,8
193,23,74,1,1,8
193,143,7,11,1,8
197,174,160,4,2,10
197,91,175,9,2,10
197,177,179,11,2,2
197,72,157,1,2,10
197,87,70,7,2,10
197,161,101,1,2,10
197,23,22,21,2,10
197,161,107,3,2,10
197,174,175,16,2,10
197,160,190,3,2,10
197,90,14,6,2,10
197,23,174,3,2,10
197,87,137,6,2,10
197,53,130,1,2,10
197,87,29,6,2,10
197,184,90,2,2,10
197,42,144,6,2,10
197,53,68,7,2,10
197,142,13,6,2,2
197,55,128,3,2,2
199,181,118,3,2,8
199,46,84,2,2,8
199,89,153,1,2,8
199,36,24,1,2,8
199,153,28,1,2,8
199,5,130,2,2,4
199,12,35,2,2,8
199,68,94,1,2,8
199,23,169,1,2,4
199,156,132,6,2,8
199,89,186,4,2,8
199,166,16,1,2,8
199,56,99,3,2,8
199,186,87,5,2,8
199,89,168,2,2,8
199,153,34,1,2,8
199,152,143,5,2,8
199,5,124,8,2,4
199,148,177,3,2,8
199,166,112,10,2,8
211,201,182,1,2,8
211,186,52,8,2,8
211,25,177,2,2,8
211,67,7,1,2,8
211,149,10,5,2,8
211,76,72,4,2,8
211,118,40,1,2,6
211,111,117,4,2,8
211,114,171,9,2,8
211,210,179,2,2,8
211,100,40,4,2,8
211,62,53,1,2,8
211,147,160,1,2,8
211,91,28,3,2,6
211,176,142,1,2,6
211,144,183,5,2,8
211,34,176,1,2,8
211,169,204,8,2,6
211,118,61,2,2,6
211,117,76,1,2,6
223,92,2,13,1,7
223,208,58,11,1,7
223,110,148,2,1,7
223,208,47,12,1,7
223,131,166,36,1,7
223,0,102,7,1,7
223,15,173,29,1,7
223,113,152,40,1,7
223,110,57,45,1,7
223,0,94,34,1,7
223,92,219,7,1,7
223,208,151,12,1,7
223,208,183,16,1,7
223,110,79,11,1,7
223,208,69,37,1,7
223,92,90,75,1,7
223,131,107,165,1,7
223,110,110,20,1,7
223,92,147,67,1,7
223,110,18,35,1,7
227,40,126,2,2,3
227,68,33,4,2,7
227,7,87,1,2,3
227,47,88,2,2,3
227,207,52,4,2,3
227,98,118,3,2,3
227,19,47,11,2,7
227,20,167,9,2,3
227,159,146,11,2,7
227,208,91,1,2,7
227,7,81,4,2,3
227,47,178,4,2,3
227,74,118,1,2,7
227,207,41,5,2,3
227,48,77,2,2,3
227,208,80,5,2,7
227,40,116,5,2,3
227,74,35,1,2,7
227,20,10,1,2,3
227,19,136,7,2,7
229,183,80,7,2,4
229,22,34,1,2,8
229,211,207,2,2,4
229,104,113,5,2,4
229,211,212,1,2,4
229,207,152,30,2,8
229,37,163,21,2,4
229,182,62,18,2,4
229,182,192,12,2,4
229,144,175,5,2,8
229,69,201,3,2,8
229,224,124,1,2,8
229,220,202,1,2,4
229,63,168,7,2,4
229,22,128,28,2,8
229,155,218,2,2,4
229,185,165,5,2,4
229,85,116,14,2,8
229,192,52,3,2,4
229,3,126,8,2,4
233,30,121,9,2,4
233,64,64,3,2,4
233,109,174,1,2,8
233,169,96,2,2,4
233,69,209,11,2,8
233,124,96,2,2,8
233,109,111,2,2,8
233,93,46,1,2,4
233,197,83,4,2,8
233,51,45,15,2,8
233,64,144,1,2,4
233,182,73,5,2,8
233,189,85,4,2,4
233,90,162,5,2,4
233,90,92,12,2,4
233,140,64,11,2,4
233,143,195,16,2,4
233,115,124,6,2,4
233,191,149,2,2,4
233,118,46,8,2,4
239,156,125,3,2,6
239,181,217,2,2,6
239,225,215,3,2,6
239,14,108,3,2,6
239,58,161,18,2,6
239,62,91,4,2,6
239,122,96,6,2,6
239,172,147,1,2,6
239,14,55,8,2,6
239,230,134,12,2,6
239,175,228,5,2,6
239,66,47,1,2,6
239,83,79,26,2,6
239,208,49,4,2,6
239,62,29,2,2,6
239,225,156,5,2,6
239,64,11,13,2,6
239,195,190,2,2,6
239,151,19,6,2,6
239,159,63,1,2,6
241,218,75,15,2,8
241,62,93,1,2,8
241,23,128,2,2,8
241,62,28,2,2,8
241,94,30,4,2,8
241,43,101,3,2,8
241,136,152,2,2,8
241,142,137,2,2,8
241,80,214,3,2,8
241,80,3,14,2,8
241,234,235,1,2,8
241,23,90,4,2,8
241,129,89,2,2,8
241,58,146,4,2,8
241,80,53,1,2,8
241,62,117,4,2,8
241,80,90,15,2,8
241,183,99,5,2,8
241,125,194,1,2,8
241,143,97,3,2,8
251,203,193,1,2,6
251,142,128,7,2,6
251,118,146,17,2,6
251,193,218,2,2,6
251,133,153,2,2,6
251,150,195,15,2,4
251,104,169,2,2,6
251,133,161,4,2,6
251,153,215,4,2,4
251,97,123,2,2,6
251,48,22,2,2,6
251,97,197,5,2,6
251,98,7,5,2,4
251,58,163,4,2,6
251,15,213,6,2,6
251,104,94,8,2,6
251,15,151,8,2,6
251,97,89,15,2,6
251,154,111,2,2,6
251,169,200,8,2,6
257,14,184,1,2,8
257,127,116,2,2,8
257,89,106,6,2,8
257,131,58,4,2,8
257,223,189,1,2,8
257,122,184,3,2,8
257,247,128,11,2,8
257,15,117,1,2,8
257,230,111,8,2,8
257,134,26,7,2,8
257,221,245,15,2,4
257,230,46,20,2,8
257,247,9,3,2,8
257,254,83,2,2,4
257,119,26,4,2,8
257,15,242,3,2,8
257,242,140,4,2,8
257,23,8,3,2,8
257,239,101,6,2,4
257,256,136,3,2,8
263,176,4,8,2,10
263,184,111,14,2,10
263,9,186,4,2,10
263,134,211,2,2,6
263,93,151,4,2,6
263,134,213,2,2,6
263,203,18,3,2,6
263,1,23,7,2,6
263,103,201,6,2,6
263,15,155,4,2,6
263,91,93,2,2,6
263,103,120,3,2,6
263,161,209,1,2,6
263,249,122,2,2,6
263,102,128,14,2,6
263,73,64,1,2,10
263,73,49,4,2,10
263,262,80,3,2,6
263,16,149,5,2,10
263,231,142,2,2,6
269,89,201,5,2,10
269,77,44,2,2,8
269,77,21,3,2,8
269,146,84,6,2,8
269,260,40,14,2,10
269,136,84,5,2,8
269,195,72,2,2,8
269,244,181,10,2,10
269,229,261,5,2,10
269,251,164,4,2,8
269,77,214,3,2,8
269,107,129,3,2,10
269,265,158,11,2,10
269,16,220,1,2,8
269,239,5,2,2,8
269,229,77,3,2,10
269,242,18,2,2,10
269,229,178,6,2,10
269,3,47,8,2,8
269,207,84,3,2,8
271,203,207,8,2,6
271,56,109,2,2,6
271,193,218,2,2,6
271,33,192,13,2,6
271,154,252,9,2,6
271,112,194,2,2,6
271,112,184,2,2,6
271,132,230,9,2,6
271,20,88,4,2,6
271,75,75,9,2,6
271,250,182,5,2,6
271,117,254,4,2,6
271,199,95,11,2,6
271,56,65,16,2,6
271,159,31,5,2,6
271,220,198,1,2,6
271,124,265,2,2,6
271,77,44,7,2,6
271,20,124,3,2,6
271,246,34,8,2,6
277,4,35,7,2,8
277,83,222,2,2,8
277,3,204,11,2,8
277,226,209,3,2,8
277,118,131,7,2,8
277,110,228,2,2,8
277,258,238,7,2,8
277,273,227,10,2,8
277,167,4,1,2,8
277,102,5,1,2,8
277,10,74,1,2,8
277,197,8,2,2,8
277,258,88,1,2,8
277,218,39,3,2,8
277,69,21,8,2,8
277,258,261,3,2,8
277,259,125,1,2,8
277,245,274,3,2,8
277,259,150,2,2,8
277,59,256,3,2,8
281,72,230,10,2,16
281,224,189,4,2,16
281,57,257,1,2,16
281,107,93,8,2,16
281,94,76,3,2,4
281,77,105,5,2,16
281,57,188,2,2,16
281,187,122,2,2,4
281,184,91,1,2,4
281,118,142,7,2,16
281,197,237,1,2,16
281,271,42,1,2,16
281,182,76,3,2,16
281,161,219,1,2,4
281,99,151,2,2,16
281,77,65,4,2,16
281,184,81,5,2,4
281,254,105,2,2,4
281,138,18,1,2,4
281,121,232,10,2,4
283,14,167,2,2,6
283,262,57,1,2,12
283,84,2,4,2,12
283,262,7,3,2,12
283,150,94,2,2,12
283,135,105,9,2,12
283,250,175,3,2,6
283,168,148,1,2,6
283,135,169,1,2,12
283,91,64,9,2,6
283,249,148,6,2,6
283,248,52,3,2,6
283,141,112,1,2,12
283,158,39,2,2,12
283,7,189,4,2,12
283,199,185,1,2,12
283,251,229,3,2,6
283,78,59,6,2,6
283,33,76,2,2,6
283,109,159,4,2,6
293,40,200,2,2,14
293,83,124,5,2,6
293,81,55,3,2,6
293,96,270,1,2,14
293,102,34,8,2,6
293,280,282,3,2,14
293,196,89,8,2,14
293,197,200,11,2,14
293,198,114,1,2,14
293,197,261,6,2,14
293,141,273,5,2,14
293,95,286,12,2,14
293,275,284,1,2,6
293,13,18,1,2,14
293,246,77,5,2,6
293,83,232,2,2,6
293,48,98,12,2,14
293,29,2,2,2,14
293,95,34,1,2,14
293,4,146,3,2,14
307,293,299,2,2,11
307,159,73,2,2,11
307,52,186,4,2,6
307,108,150,2,2,11
307,205,157,1,2,11
307,40,202,2,2,6
307,58,185,10,2,11
307,39,176,9,2,11
307,249,229,1,2,11
307,228,101,1,2,11
307,125,130,2,2,11
307,148,273,1,2,11
307,159,33,2,2,11
307,4,248,2,2,11
307,303,281,9,2,11
307,144,179,2,2,11
307,10,217,8,2,11
307,216,159,1,2,11
307,253,129,2,2,11
307,132,293,2,2,11
311,285,189,2,2,8
311,257,301,8,2,8
311,30,224,5,2,8
311,47,231,3,2,8
311,157,20,1,2,8
311,7,267,1,2,8
311,154,246,7,2,8
311,186,112,1,2,8
311,208,233,3,2,11
311,186,159,2,2,8
311,259,61,5,2,8
311,310,113,3,2,11
311,30,75,3,2,8
311,52,14,4,2,8
311,78,25,5,2,11
311,33,205,1,2,11
311,154,115,9,2,8
311,167,255,1,2,8
311,167,176,2,2,8
311,30,47,3,2,8
313,161,181,6,2,12
313,235,40,35,2,8
313,179,159,2,2,8
313,152,132,1,2,12
313,174,27,15,2,12
313,80,69,9,2,8
313,60,212,1,2,8
313,85,262,3,2,12
313,296,196,32,2,12
313,123,170,2,2,12
313,190,210,14,2,12
313,310,221,5,2,8
313,77,180,28,2,12
313,52,183,1,2,12
313,123,103,5,2,12
313,34,106,6,2,12
313,18,102,7,2,8
313,5,230,26,2,12
313,137,199,6,2,12
313,17,206,1,2,12
317,305,92,3,3,10
317,88,285,5,3,6
317,226,81,14,3,10
317,30,122,1,3,6
317,214,133,2,3,10
317,312,105,4,3,10
317,115,269,3,3,6
317,229,298,20,3,6
317,305,70,9,3,10
317,165,196,16,3,10
317,103,287,4,3,10
317,236,192,12,3,10
317,184,127,12,3,10
317,67,95,7,3,10
317,175,99,18,3,10
317,224,201,1,3,2
317,12,144,3,3,10
317,312,77,10,3,10
317,12,293,10,3,10
317,142,24,1,3,10
331,318,149,4,2,8
331,309,199,6,2,8
331,231,123,3,2,12
331,22,69,11,2,8
331,130,138,7,2,12
331,232,160,10,2,8
331,130,101,1,2,12
331,23,173,2,2,8
331,228,96,5,2,12
331,180,9,1,2,8
331,43,72,4,2,8
331,328,325,6,2,8
331,153,211,2,2,12
331,87,296,2,2,8
331,295,194,3,2,8
331,20,103,1,2,12
331,62,287,2,2,8
331,309,307,3,2,8
331,287,141,7,2,12
331,151,2,3,2,8
337,44,144,3,2,8
337,164,222,21,2,8
337,156,192,2,2,8
337,82,228,5,2,8
337,164,335,9,2,8
337,314,116,10,2,8
337,319,269,14,2,8
337,211,7,8,2,8
337,156,282,6,2,8
337,126,330,5,2,8
337,81,327,6,2,8
337,314,247,6,2,8
337,319,31,7,2,8
337,271,135,3,2,8
337,258,8,2,2,8
337,1,304,3,2,8
337,24,297,5,2,8
337,251,218,4,2,8
337,24,223,1,2,8
337,1,102,2,2,8
347,206,322,1,3,7
347,288,177,4,3,3
347,217,188,3,3,7
347,44,261,2,3,7
347,43,254,3,3,3
347,91,117,7,3,7
347,262,303,4,3,7
347,181,331,6,3,7
347,240,164,9,3,3
347,285,33,5,3,7
347,59,170,1,3,3
347,285,143,1,3,7
347,260,57,9,3,7
347,56,8,4,3,7
347,288,160,8,3,3
347,297,28,6,3,7
347,319,343,2,3,7
347,153,204,28,3,7
347,275,19,9,3,7
347,87,73,5,3,7
349,209,302,4,3,12
349,270,40,1,3,4
349,279,39,7,3,12
349,329,73,5,3,4
349,149,229,2,3,4
349,16,6,3,3,12
349,16,72,2,3,12
349,200,64,9,3,4
349,228,174,9,3,12
349,189,347,6,3,12
349,79,99,3,3,4
349,140,47,8,3,12
349,76,124,5,3,6
349,327,156,4,3,12
349,282,295,1,3,12
349,79,209,5,3,4
349,273,273,2,3,6
349,271,269,14,3,4
349,22,303,11,3,12
349,199,61,4,3,12
353,169,48,2,3,4
353,77,178,1,3,8
353,56,98,2,3,8
353,230,285,6,3,8
353,258,131,7,3,8
353,316,343,4,3,4
353,352,119,3,3,8
353,297,18,2,3,8
353,148,167,4,3,8
353,339,147,8,3,8
353,1,316,2,3,8
353,50,157,10,3,8
353,33,68,1,3,4
353,234,12,7,3,8
353,352,350,4,3,8
353,64,33,10,3,8
353,137,190,14,3,8
353,185,303,4,3,8
353,185,244,27,3,8
353,123,68,12,3,8
359,341,181,10,2,14
359,241,27,4,2,7
359,79,71,1,2,14
359,338,120,3,2,14
359,88,294,4,2,14
359,341,74,3,2,14
359,250,107,2,2,14
359,341,188,1,2,14
359,55,16,18,2,14
359,139,338,5,2,14
359,191,58,6,2,7
359,94,11,1,2,14
359,118,183,2,2,7
359,250,230,6,2,14
359,55,204,5,2,14
359,182,108,9,2,14
359,345,67,2,2,14
359,253,348,1,2,7
359,62,126,3,2,14
359,182,151,1,2,14
367,320,110,4,2,10
367,295,142,6,2,10
367,19,128,7,2,10
367,281,269,2,2,10
367,202,109,25,2,10
367,72,355,25,2,10
367,182,133,7,2,10
367,170,195,2,2,10
367,103,188,3,2,10
367,197,303,7,2,10
367,19,173,1,2,10
367,110,234,4,2,10
367,55,266,7,2,10
367,103,344,5,2,10
367,19,56,2,2,10
367,71,49,4,2,10
367,140,213,5,2,10
367,295,334,8,2,10
367,117,235,4,2,10
367,325,215,8,2,10
373,45,264,4,2,12
373,179,194,2,2,12
373,238,128,1,2,8
373,264,248,2,2,12
373,196,281,5,2,12
373,182,319,3,2,8
373,96,122,1,2,12
373,85,333,1,2,12
373,151,215,3,2,12
373,177,275,3,2,12
373,167,354,4,2,12
373,252,217,1,2,12
373,264,44,1,2,12
373,83,168,3,2,8
373,222,30,3,2,12
373,328,128,3,2,12
373,264,24,2,2,12
373,158,297,2,2,12
373,145,136,3,2,8
373,177,92,7,2,12
379,267,230,5,3,10
379,267,117,8,3,10
379,55,36,2,3,10
379,130,2,2,3,8
379,374,20,2,3,10
379,190,245,2,3,10
379,288,11,4,3,8
379,214,238,7,3,10
379,31,8,7,3,10
379,183,208,1,3,8
379,162,132,6,3,10
379,17,55,5,3,10
379,271,251,5,3,10
379,7,298,1,3,10
379,367,266,3,3,10
379,136,118,1,3,8
379,295,204,7,3,10
379,201,148,2,3,4
379,366,288,2,3,10
379,339,82,5,3,10
383,6,177,8,3,17
383,273,66,3,3,17
383,217,363,6,3,17
383,107,311,24,3,17
383,349,233,9,3,17
383,320,250,5,3,17
383,144,228,8,3,17
383,284,22,9,3,5
383,1,371,1,3,17
383,329,282,3,3,17
383,252,85,7,3,17
383,303,296,1,3,17
383,111,231,5,3,5
383,110,232,13,3,17
383,12,343,4,3,5
383,349,252,5,3,17
383,303,82,3,3,17
383,246,135,6,3,17
383,110,295,8,3,17
383,99,361,3,3,5
389,109,139,6,3,8
389,199,66,10,3,16
389,131,326,1,3,16
389,29,131,3,3,16
389,32,241,2,3,2
389,285,385,2,3,16
389,327,327,2,3,16
389,291,246,1,3,16
389,32,26,1,3,2
389,115,335,2,3,16
389,32,15,3,3,2
389,258,249,1,3,16
389,115,334,2,3,16
389,225,278,9,3,16
389,67,75,1,3,16
389,367,241,4,3,16
389,97,195,3,3,16
389,83,334,7,3,16
389,44,321,5,3,16
389,173,205,3,3,16
397,273,236,6,2,12
397,372,104,2,2,12
397,305,239,7,2,10
397,60,372,2,2,12
397,283,3,4,2,12
397,89,375,10,2,12
397,273,301,1,2,12
397,28,350,9,2,12
397,396,159,5,2,12
397,162,4,1,2,12
397,200,76,2,2,12
397,21,172,12,2,12
397,38,198,8,2,12
397,292,177,4,2,10
397,178,76,2,2,12
397,283,191,2,2,12
397,295,132,2,2,12
397,177,363,7,2,12
397,281,316,6,2,12
397,295,91,2,2,12
401,67,156,3,2,16
401,122,392,4,2,16
401,339,226,7,2,16
401,66,371,4,2,8
401,151,133,4,2,8
401,254,134,4,2,16
401,58,2,1,2,16
401,304,288,2,2,16
401,250,118,5,2,8
401,18,333,3,2,16
401,212,99,6,2,16
401,339,43,6,2,16
401,96,2,11,2,16
401,347,291,4,2,16
401,58,100,5,2,16
401,306,345,4,2,16
401,299,383,2,2,16
401,379,282,4,2,8
401,376,322,1,2,16
401,282,231,8,2,8
409,89,143,10,3,8
409,223,224,11,3,8
409,228,355,5,3,8
409,390,233,3,3,8
409,325,229,4,3,4
409,325,375,1,3,4
409,327,192,5,3,4
409,205,57,9,3,4
409,204,331,5,3,4
409,282,201,4,3,8
409,19,238,2,3,8
409,127,208,5,3,8
409,382,352,3,3,8
409,318,67,5,3,8
409,153,68,2,3,8
409,19,257,3,3,8
409,19,261,5,3,8
409,55,139,5,3,4
409,354,340,1,3,4
409,218,335,9,3,8
419,5,134,10,3,8
419,3,329,8,3,8
419,214,265,1,3,7
419,134,414,1,3,10
419,89,223,2,3,8
419,236,136,9,3,10
419,7,192,4,3,8
419,230,227,12,3,7
419,90,4,3,3,8
419,138,121,9,3,8
419,185,116,1,3,8
419,355,352,2,3,7
419,386,316,6,3,10
419,230,113,3,3,7
419,186,320,4,3,8
419,286,236,1,3,8
419,167,262,2,3,7
419,360,148,7,3,7
419,140,168,3,3,7
419,183,150,2,3,10
421,280,49,1,3,4
421,124,190,2,3,4
421,359,154,7,3,8
421,258,176,1,3,8
421,99,235,3,3,8
421,30,122,6,3,8
421,42,161,13,3,10
421,33,262,1,3,4
421,193,326,14,3,10
421,292,241,3,3,4
421,411,328,2,3,4
421,56,232,2,3,8
421,42,407,1,3,10
421,346,381,2,3,10
421,371,164,15,3,10
421,99,162,1,3,8
421,99,206,5,3,8
421,248,56,1,3,10
421,340,222,2,3,8
421,272,133,4,3,10
431,239,383,11,2,9
431,192,182,4,2,9
431,274,331,16,2,9
431,155,295,5,2,9
431,239,214,1,2,9
431,274,315,4,2,9
431,377,118,10,2,9
431,64,322,10,2,9
431,335,9,4,2,9
431,239,343,8,2,9
431,358,110,11,2,9
431,69,157,1,2,9
431,377,44,1,2,9
431,183,372,2,2,9
431,390,228,6,2,9
431,69,271,25,2,9
431,162,301,4,2,9
431,269,85,5,2,9
431,54,293,5,2,9
431,358,22,7,2,9
433,221,118,8,2,16
433,34,368,4,2,16
433,329,386,14,2,16
433,239,154,5,2,16
433,266,179,4,2,16
433,343,356,5,2,8
433,177,208,12,2,16
433,220,386,3,2,16
433,314,163,6,2,16
433,347,325,1,2,16
433,104,423,20,2,16
433,371,283,1,2,16
433,171,153,18,2,16
433,43,396,4,2,16
433,108,411,10,2,16
433,288,412,3,2,16
433,39,332,18,2,16
433,423,341,2,2,16
433,310,111,2,2,16
433,194,38,1,2,16
439,125,419,4,3,10
439,316,73,12,3,10
439,175,183,3,3,10
439,410,211,4,3,10
439,245,289,1,3,8
439,70,105,7,3,10
439,218,259,3,3,8
439,273,13,1,3,10
439,227,11,3,3,10
439,160,67,6,3,10
439,362,18,5,3,10
439,332,404,1,3,10
439,166,326,3,3,10
439,410,246,2,3,10
439,392,311,1,3,10
439,160,221,2,3,10
439,41,388,3,3,10
439,11,315,2,3,10
439,41,317,6,3,10
439,362,412,2,3,10
443,264,68,4,3,15
443,20,41,1,3,10
443,337,148,2,3,6
443,361,436,2,3,15
443,344,256,4,3,15
443,172,167,2,3,15
443,213,295,3,3,10
443,399,171,5,3,15
443,230,428,2,3,10
443,7,231,3,3,15
443,85,218,2,3,15
443,436,276,1,3,15
443,394,201,1,3,15
443,85,161,4,3,15
443,152,45,3,3,15
443,252,360,5,3,15
443,127,252,1,3,15
443,384,86,1,3,15
443,53,385,1,3,15
443,78,283,4,3,15
449,444,30,4,3,8
449,84,285,1,3,8
449,25,181,4,3,8
449,110,187,1,3,8
449,379,94,5,3,16
449,379,43,8,3,16
449,218,329,2,3,16
449,366,24,4,3,16
449,83,179,2,3,16
449,197,94,1,3,8
449,424,320,15,3,8
449,41,146,17,3,16
449,403,405,6,3,8
449,192,311,1,3,16
449,5,206,1,3,8
449,173,271,7,3,8
449,427,86,3,3,16
449,424,293,9,3,8
449,194,69,2,3,16
449,416,82,10,3,8
457,232,216,3,3,12
457,252,430,1,3,12
457,353,120,2,3,16
457,225,256,8,3,12
457,386,254,1,3,12
457,392,274,10,3,12
457,83,14,1,3,12
457,194,164,1,3,12
457,250,226,7,3,2
457,5,386,2,3,12
457,118,111,19,3,2
457,142,304,12,3,12
457,165,342,4,3,12
457,163,346,8,3,16
457,294,111,23,3,16
457,118,379,2,3,2
457,214,92,5,3,16
457,108,120,9,3,16
457,395,24,3,3,12
457,108,245,3,3,16
461,27,362,16,2,16
461,301,173,2,2,16
461,343,327,5,2,16
461,203,196,2,2,10
461,35,232,11,2,10
461,453,216,12,2,10
461,130,36,11,2,10
461,397,291,3,2,16
461,429,11,7,2,16
461,217,363,4,2,16
461,117,233,4,2,16
461,32,261,4,2,16
461,118,332,2,2,16
461,454,267,7,2,10
461,399,106,5,2,16
461,226,388,39,2,10
461,52,131,2,2,16
461,429,459,9,2,16
461,306,124,7,2,10
461,344,60,7,2,16
463,416,312,4,2,16
463,335,49,5,2,16
463,324,21,5,2,16
463,237,416,2,2,16
463,355,160,4,2,16
463,59,270,2,2,16
463,262,428,7,2,16
463,270,181,1,2,16
463,111,440,4,2,16
463,195,231,4,2,16
463,335,338,2,2,16
463,201,311,5,2,16
463,224,460,2,2,16
463,30,7,7,2,16
463,33,310,5,2,16
463,347,175,2,2,16
463,404,24,10,2,16
463,226,362,11,2,16
463,172,28,4,2,16
463,239,97,9,2,16
467,383,456,7,2,9
467,46,28,4,2,21
467,207,376,4,2,9
467,234,311,5,2,9
467,422,181,7,2,9
467,439,313,3,2,9
467,205,303,3,2,21
467,385,57,7,2,21
467,256,208,14,2,9
467,173,25,4,2,21
467,128,194,5,2,21
467,270,297,1,2,9
467,430,15,11,2,21
467,262,48,8,2,21
467,197,192,4,2,9
467,205,419,5,2,21
467,69,203,5,2,21
467,197,174,8,2,9
467,431,410,15,2,9
467,431,92,8,2,9
479,203,401,3,3,7
479,190,408,8,3,25
479,448,153,13,3,25
479,154,451,5,3,7
479,161,321,7,3,7
479,268,61,4,3,25
479,381,121,6,3,7
479,426,403,8,3,7
479,353,23,20,3,7
479,325,475,6,3,7
479,101,459,5,3,7
479,303,151,19,3,25
479,426,79,11,3,7
479,40,126,2,3,7
479,289,105,8,3,25
479,356,4,14,3,7
479,93,92,1,3,7
479,353,125,4,3,7
479,173,299,7,3,25
479,229,461,9,3,7
487,212,452,3,2,7
487,411,57,12,2,7
487,213,234,4,2,16
487,419,48,3,2,6
487,213,245,2,2,16
487,118,481,20,2,6
487,192,272,3,2,6
487,352,9,5,2,6
487,359,350,2,2,6
487,330,230,5,2,6
487,150,346,17,2,7
487,417,361,12,2,16
487,259,130,11,2,16
487,68,80,1,2,6
487,465,307,3,2,6
487,160,2,1,2,16
487,376,244,7,2,7
487,56,407,1,2,7
487,349,218,9,2,16
487,149,74,4,2,6
491,288,462,17,2,14
491,75,362,2,2,14
491,141,469,7,2,14
491,372,18,5,2,14
491,115,5,1,2,20
491,372,235,6,2,14
491,331,158,5,2,14
491,275,252,1,2,20
491,297,410,10,2,14
491,415,274,1,2,14
491,278,261,4,2,20
491,283,40,21,2,14
491,340,455,2,2,14
491,289,75,2,2,20
491,106,68,2,2,14
491,123,445,10,2,14
491,119,117,4,2,14
491,37,423,1,2,20
491,34,258,1,2,20
491,466,55,1,2,14
499,52,129,4,1,16
499,193,384,12,1,16
499,86,230,4,1,7
499,332,236,5,1,7
499,225,177,4,1,7
499,431,412,2,1,16
499,175,149,9,1,16
499,362,8,7,1,2
499,462,290,22,1,16
499,362,408,2,1,2
499,283,474,21,1,7
499,498,453,19,1,7
499,94,358,3,1,16
499,315,419,5,1,16
499,266,195,1,1,16
499,63,487,5,1,7
499,275,494,3,1,16
499,421,6,1,1,16
499,14,157,5,1,7
499,487,16,7,1,16
503,250,75,2,1,5
503,308,75,9,1,19
503,21,496,2,1,19
503,472,162,9,1,7
503,478,201,6,1,7
503,376,328,10,1,7
503,433,353,1,1,5
503,216,168,7,1,7
503,150,385,3,1,7
503,119,146,2,1,7
503,281,186,4,1,19
503,392,480,1,1,19
503,214,471,2,1,5
503,144,334,8,1,19
503,298,270,3,1,5
503,316,338,1,1,7
503,502,204,2,1,19
503,126,102,10,1,19
503,414,203,12,1,19
503,374,136,1,1,7
509,391,425,2,1,10
509,308,79,6,1,8
509,238,166,5,1,10
509,46,408,13,1,10
509,373,283,4,1,14
509,294,59,4,1,14
509,107,253,2,1,10
509,224,305,5,1,14
509,471,83,7,1,10
509,415,14,1,1,10
509,308,338,1,1,8
509,402,256,4,1,10
509,385,109,33,1,10
509,129,205,1,1,8
509,16,414,7,1,14
509,364,193,4,1,10
509,90,468,6,1,8
509,380,481,16,1,8
509,3,470,3,1,10
509,428,116,1,1,10
521,127,290,3,1,12
521,424,78,2,1,8
521,398,462,3,1,12
521,167,476,3,1,12
521,326,312,4,1,8
521,378,499,1,1,12
521,42,148,2,1,12
521,485,27,10,1,12
521,395,114,3,1,12
521,357,166,3,1,12
521,479,449,3,1,12
521,37,153,2,1,12
521,334,361,8,1,12
521,217,366,6,1,12
521,231,222,6,1,8
521,407,163,7,1,8
521,394,430,3,1,12
521,381,383,10,1,12
521,19,414,2,1,8
521,199,102,4,1,12
523,316,279,2,1,4
523,329,483,5,1,10
523,513,165,6,1,7
523,406,53,15,1,10
523,138,521,13,1,7
523,119,400,20,1,7
523,207,355,8,1,4
523,117,32,17,1,10
523,456,272,1,1,7
523,172,233,13,1,7
523,454,266,2,1,10
523,64,231,4,1,10
523,125,159,2,1,7
523,175,8,2,1,7
523,39,470,2,1,10
523,172,386,10,1,7
523,495,250,4,1,7
523,495,165,4,1,7
523,316,165,5,1,4
523,207,123,1,1,4
541,119,283,4,2,8
541,210,403,3,2,8
541,211,523,10,2,10
541,429,453,4,2,10
541,25,507,2,2,10
541,356,121,2,2,10
541,210,157,16,2,8
541,363,113,2,2,8
541,438,460,11,2,10
541,112,475,12,2,10
541,136,499,24,2,8
541,516,34,3,2,10
541,490,440,1,2,10
541,455,465,7,2,10
541,103,80,1,2,10
541,399,518,3,2,10
541,103,407,8,2,10
541,124,418,1,2,10
541,413,240,4,2,10
541,211,44,1,2,10
547,30,509,6,2,7
547,98,180,4,2,7
547,272,451,11,2,7
547,392,95,9,2,7
547,393,56,3,2,7
547,7,199,14,2,7
547,397,230,5,2,7
547,344,269,10,2,12
547,58,228,3,2,7
547,359,282,3,2,12
547,213,459,14,2,7
547,275,355,16,2,7
547,177,469,5,2,7
547,344,99,2,2,12
547,30,73,2,2,7
547,257,115,2,2,7
547,155,233,13,2,7
547,310,307,7,2,7
547,35,322,3,2,7
547,465,203,4,2,12
557,43,192,4,2,2
557,487,249,23,2,20
557,552,313,2,2,20
557,410,312,1,2,20
557,7,303,15,2,20
557,148,327,1,2,20
557,143,21,7,2,20
557,322,218,4,2,20
557,85,179,50,2,2
557,147,288,8,2,20
557,472,205,6,2,2
557,552,218,6,2,20
557,41,85,3,2,2
557,410,393,6,2,20
557,552,364,19,2,20
557,109,534,2,2,20
557,266,506,27,2,20
557,409,366,17,2,20
557,378,455,10,2,2
557,85,448,5,2,2
563,399,74,7,1,18
563,239,342,4,1,18
563,457,478,15,1,18
563,324,211,3,1,18
563,483,45,16,1,18
563,481,280,13,1,18
563,219,412,8,1,18
563,377,37,15,1,18
563,553,55,11,1,18
563,438,320,12,1,18
563,553,331,9,1,18
563,10,508,29,1,18
563,82,385,5,1,18
563,474,330,1,1,18
563,421,218,1,1,18
563,344,45,22,1,18
563,175,411,16,1,18
563,164,220,1,1,18
563,553,43,25,1,18
563,202,354,12,1,18
569,166,269,23,1,24
569,463,39,22,1,24
569,542,173,18,1,24
569,471,412,9,1,24
569,116,54,12,1,24
569,403,300,9,1,24
569,213,510,4,1,24
569,395,150,4,1,24
569,471,149,5,1,24
569,453,145,5,1,24
569,350,203,2,1,24
569,253,240,11,1,24
569,98,11,1,1,24
569,401,382,10,1,24
569,366,235,12,1,24
569,144,495,4,1,24
569,471,558,1,1,24
569,98,207,7,1,24
569,348,143,2,1,24
569,250,351,2,1,24
571,401,541,31,1,12
571,205,295,16,1,12
571,374,399,5,1,12
571,41,253,3,1,12
571,382,356,1,1,12
571,530,242,23,1,12
571,401,451,5,1,12
571,194,409,14,1,12
571,530,307,19,1,12
571,528,531,1,1,12
571,95,53,13,1,12
571,194,361,28,1,12
571,132,447,42,1,12
571,95,151,11,1,12
571,41,325,21,1,12
571,113,416,8,1,12
571,131,427,2,1,12
571,439,359,15,1,12
571,388,247,34,1,12
571,495,410,4,1,12
577,382,353,7,1,16
577,382,60,6,1,16
577,7,13,11,1,16
577,8,330,25,1,16
577,191,337,10,1,16
577,7,353,23,1,16
577,574,535,4,1,16
577,26,346,44,1,16
577,569,39,6,1,16
577,22,101,1,1,16
577,79,422,3,1,16
577,559,567,7,1,16
577,551,530,1,1,16
577,195,224,7,1,16
577,569,460,15,1,16
577,226,416,2,1,16
577,333,220,25,1,16
577,570,60,19,1,16
577,537,452,14,1,16
577,79,233,1,1,16
587,437,401,16,1,26
587,210,279,5,1,26
587,150,45,14,1,26
587,435,174,11,1,26
587,276,75,9,1,26
587,355,426,30,1,26
587,120,246,12,1,26
587,546,204,13,1,26
587,343,203,3,1,26
587,467,71,9,1,26
587,120,484,7,1,26
587,297,70,3,1,26
587,276,29,3,1,26
587,150,558,22,1,26
587,446,81,2,1,26
587,516,150,2,1,26
587,494,325,10,1,26
587,290,317,5,1,26
587,71,195,3,1,26
587,494,499,8,1,26
593,256,75,39,2,16
593,537,433,13,2,16
593,3,155,7,2,16
593,90,359,3,2,16
593,318,469,3,2,4
593,256,423,8,2,16
593,363,455,67,2,16
593,575,417,3,2,16
593,256,57,20,2,16
593,590,57,1,2,16
593,223,170,9,2,16
593,337,150,4,2,16
593,260,310,10,2,16
593,3,52,12,2,16
593,3,51,40,2,16
593,305,187,5,2,16
593,339,177,11,2,16
593,366,108,2,2,4
593,337,63,36,2,16
593,170,36,11,2,4
599,370,266,6,2,9
599,204,291,4,2,20
599,333,215,30,2,9
599,345,304,3,2,20
599,94,419,3,2,9
599,317,153,10,2,20
599,200,521,7,2,9
599,420,16,10,2,20
599,125,185,14,2,9
599,7,2,3,2,9
599,575,254,2,2,9
599,275,211,4,2,9
599,353,456,4,2,9
599,125,322,4,2,9
599,98,442,1,2,9
599,485,508,1,2,9
599,551,108,5,2,20
599,562,31,6,2,20
599,275,316,9,2,9
599,283,451,5,2,20
601,286,237,2,2,12
601,571,264,2,2,12
601,499,584,17,2,8
601,420,161,4,2,8
601,399,289,2,2,8
601,347,116,2,2,12
601,227,81,12,2,8
601,202,467,7,2,8
601,180,102,9,2,12
601,155,369,10,2,12
601,45,442,1,2,12
601,430,210,4,2,12
601,446,378,12,2,12
601,155,533,3,2,12
601,46,503,20,2,8
601,562,410,14,2,12
601,202,148,10,2,8
601,430,102,35,2,12
601,91,118,13,2,12
601,555,405,19,2,8
607,302,251,2,2,12
607,394,230,3,2,12
607,512,58,19,2,12
607,61,166,1,2,12
607,456,329,2,2,12
607,31,225,16,2,12
607,167,202,4,2,12
607,70,417,8,2,12
607,602,81,1,2,12
607,437,357,2,2,12
607,492,368,11,2,12
607,437,573,3,2,12
607,584,389,1,2,12
607,159,444,2,2,12
607,103,2,13,2,12
607,480,91,7,2,12
607,256,237,3,2,12
607,351,370,10,2,12
607,394,77,3,2,12
607,135,456,6,2,12
613,223,86,9,2,8
613,223,278,5,2,8
613,83,418,2,2,16
613,604,197,11,2,16
613,248,492,12,2,16
613,320,320,9,2,16
613,216,426,32,2,16
613,153,471,3,2,16
613,579,338,2,2,8
613,335,319,17,2,8
613,274,607,2,2,8
613,122,416,14,2,16
613,460,496,2,2,16
613,521,133,1,2,16
613,389,139,12,2,16
613,122,196,1,2,16
613,274,317,1,2,8
613,568,527,4,2,16
613,460,377,18,2,16
613,410,304,14,2,16
617,352,461,2,2,12
617,75,277,18,2,12
617,4,243,37,2,12
617,265,451,77,2,12
617,613,27,32,2,12
617,64,294,2,2,12
617,130,601,3,2,12
617,389,468,4,2,12
617,480,407,11,2,12
617,514,225,2,2,12
617,14,355,15,2,12
617,377,420,11,2,12
617,199,201,24,2,12
617,377,561,9,2,12
617,607,207,3,2,12
617,73,26,10,2,12
617,514,348,3,2,12
617,64,149,9,2,12
617,167,12,41,2,12
617,389,45,9,2,12
619,192,42,15,2,18
619,410,52,3,2,18
619,278,14,6,2,18
619,194,74,4,2,18
619,49,44,3,2,18
619,250,93,8,2,18
619,345,177,9,2,18
619,577,149,1,2,18
619,599,10,3,2,18
619,141,248,5,2,18
619,570,611,4,2,18
619,164,440,11,2,18
619,45,100,7,2,18
619,141,312,2,2,18
619,364,185,2,2,18
619,340,194,2,2,6
619,270,277,1,2,18
619,465,117,6,2,18
619,596,24,1,2,18
619,50,14,3,2,18
631,345,7,12,1,20
631,21,114,1,1,20
631,419,152,10,1,20
631,570,460,1,1,20
631,69,478,11,1,20
631,84,293,2,1,20
631,308,340,8,1,20
631,223,604,2,1,20
631,262,289,4,1,20
631,353,34,11,1,20
631,208,46,3,1,20
631,308,358,1,1,20
631,374,126,27,1,20
631,156,32,5,1,20
631,354,217,4,1,20
631,259,406,7,1,20
631,302,263,6,1,20
631,181,155,6,1,20
631,319,540,6,1,20
631,419,447,4,1,20
641,500,224,12,1,16
641,243,473,25,1,16
641,344,98,6,1,16
641,445,589,29,1,16
641,367,44,28,1,16
641,486,35,20,1,16
641,196,5,38,1,16
641,199,498,5,1,16
641,274,597,1,1,16
641,284,442,31,1,16
641,604,146,32,1,16
641,494,198,15,1,16
641,274,338,21,1,16
641,414,375,6,1,16
641,419,376,3,1,16
641,419,287,12,1,16
641,159,561,10,1,16
641,414,211,1,1,16
641,264,455,7,1,16
641,509,484,7,1,16
643,556,50,1,1,14
643,457,558,2,1,14
643,620,571,2,1,14
643,110,138,10,1,14
643,431,262,4,1,14
643,228,28,11,1,14
643,333,221,2,1,14
643,564,474,5,1,14
643,593,240,4,1,14
643,98,318,9,1,14
643,15,607,10,1,14
643,531,27,2,1,14
643,46,484,8,1,14
643,64,344,14,1,14
643,446,342,2,1,14
643,286,216,7,1,14
643,579,51,5,1,14
643,384,445,2,1,14
643,314,336,4,1,14
643,112,110,3,1,14
647,202,402,5,1,13
647,581,362,1,1,13
647,16,258,52,1,13
647,96,74,3,1,13
647,459,318,7,1,13
647,631,561,6,1,13
647,540,628,2,1,13
647,462,344,19,1,13
647,300,284,10,1,13
647,96,564,2,1,13
647,474,107,10,1,13
647,96,622,2,1,13
647,78,537,8,1,13
647,13,352,9,1,13
647,66,355,1,1,13
647,409,233,4,1,13
647,409,432,14,1,13
647,530,640,1,1,13
647,412,627,4,1,13
647,13,122,2,1,13
653,530,444,2,2,14
653,600,169,24,2,14
653,77,484,30,2,14
653,552,38,4,2,2
653,266,255,17,2,2
653,123,510,8,2,14
653,530,613,5,2,14
653,620,256,13,2,14
653,109,266,7,2,14
653,387,38,29,2,2
653,465,381,13,2,14
653,101,430,6,2,2
653,8,414,9,2,14
653,109,621,31,2,14
653,193,33,4,2,14
653,271,329,1,2,14
653,542,262,10,2,14
653,600,568,28,2,14
653,284,150,9,2,14
653,435,503,44,2,14
659,95,315,4,2,16
659,616,415,3,2,6
659,230,458,2,2,16
659,8,134,1,2,16
659,490,187,3,2,16
659,264,568,2,2,16
659,83,389,2,2,16
659,422,354,9,2,16
659,612,332,4,2,16
659,202,464,7,2,16
659,35,456,3,2,16
659,302,64,2,2,16
659,124,459,2,2,16
659,430,236,13,2,16
659,67,583,1,2,16
659,12,493,1,2,16
659,256,43,2,2,6
659,325,27,17,2,16
659,591,380,9,2,6
659,11,380,7,2,16
661,150,129,17,2,12
661,291,599,15,2,8
661,447,496,12,2,12
661,524,244,12,2,8
661,384,609,9,2,12
661,385,111,8,2,12
661,346,605,18,2,12
661,17,170,9,2,8
661,649,324,4,2,12
661,315,405,3,2,12
661,185,426,1,2,12
661,494,62,7,2,12
661,581,271,44,2,12
661,524,28,19,2,8
661,359,340,4,2,12
661,167,401,15,2,12
661,17,113,10,2,8
661,121,553,3,2,12
661,258,597,5,2,12
661,80,93,40,2,12
673,294,342,16,2,16
673,95,239,20,2,8
673,150,139,6,2,16
673,580,284,20,2,16
673,505,501,3,2,16
673,639,82,4,2,16
673,505,61,23,2,16
673,109,667,1,2,16
673,379,630,18,2,16
673,447,235,1,2,16
673,636,448,12,2,16
673,150,508,17,2,16
673,635,450,1,2,16
673,202,597,6,2,8
673,294,145,7,2,16
673,322,346,12,2,8
673,564,392,1,2,16
673,93,114,13,2,16
673,644,311,23,2,8
673,471,258,4,2,8
677,544,265,3,2,10
677,271,324,16,2,10
677,271,581,13,2,10
677,42,224,53,2,10
677,493,432,20,2,10
677,271,133,16,2,10
677,271,77,8,2,10
677,541,521,9,2,10
677,260,198,9,2,10
677,660,259,4,2,10
677,42,626,31,2,10
677,117,229,15,2,10
677,136,234,4,2,10
677,115,497,20,2,10
677,233,527,62,2,10
677,358,205,23,2,10
677,541,321,31,2,10
677,378,247,12,2,10
677,635,384,34,2,10
677,573,328,10,2,10
683,72,14,5,2,8
683,528,386,4,2,9
683,668,476,1,2,9
683,358,229,6,2,8
683,73,268,1,2,9
683,611,497,8,2,8
683,396,172,2,2,8
683,54,261,10,2,9
683,376,149,1,2,9
683,15,491,1,2,9
683,287,398,44,2,8
683,471,360,18,2,8
683,376,271,2,2,9
683,610,675,29,2,9
683,418,259,9,2,9
683,528,479,14,2,9
683,240,234,5,2,9
683,376,626,1,2,9
683,623,62,3,2,8
683,644,149,10,2,9
691,231,229,19,2,2
691,506,407,6,2,12
691,506,18,7,2,12
691,457,152,20,2,12
691,283,360,25,2,12
691,563,307,12,2,12
691,270,616,17,2,2
691,52,419,61,2,12
691,196,91,15,2,12
691,457,301,15,2,12
691,33,277,3,2,2
691,234,264,17,2,12
691,613,431,5,2,12
691,561,12,5,2,12
691,315,676,26,2,12
691,421,317,4,2,2
691,613,306,4,2,12
691,420,59,26,2,12
691,590,13,45,2,12
691,590,421,87,2,12
701,21,434,3,1,12
701,529,458,12,1,12
701,155,566,61,1,12
701,270,461,36,1,12
701,396,490,28,1,12
701,24,66,10,1,12
701,662,250,1,1,12
701,298,451,8,1,12
701,62,365,9,1,12
701,529,189,9,1,12
701,155,243,10,1,12
701,172,626,76,1,12
701,61,650,4,1,12
701,639,603,8,1,12
701,305,308,4,1,12
701,680,680,19,1,12
701,70,686,11,1,12
701,396,338,28,1,12
701,640,333,26,1,12
701,538,334,24,1,12
709,668,411,9,1,12
709,526,707,28,1,12
709,482,229,21,1,12
709,41,407,4,1,12
709,48,590,10,1,12
709,132,395,15,1,12
709,658,280,23,1,12
709,132,599,10,1,12
709,577,168,5,1,12
709,84,477,8,1,12
709,316,32,21,1,12
709,333,350,5,1,12
709,393,107,4,1,12
709,21,703,12,1,12
709,446,164,38,1,12
709,253,615,3,1,12
709,645,41,14,1,12
709,625,612,19,1,12
709,661,616,48,1,12
709,41,94,20,1,12
719,541,47,12,2,10
719,615,526,8,2,10
719,174,637,6,2,10
719,248,312,3,2,10
719,341,398,3,2,10
719,502,181,11,2,10
719,90,452,4,2,10
719,78,54,3,2,12
719,184,374,6,2,10
719,427,111,7,2,10
719,411,82,7,2,10
719,539,345,3,2,10
719,681,365,2,2,10
719,359,4,1,2,10
719,172,429,3,2,10
719,684,17,3,2,12
719,657,86,11,2,10
719,329,122,7,2,10
719,623,169,6,2,12
719,35,378,2,2,12
727,91,437,3,2,12
727,317,199,7,2,8
727,120,143,42,2,8
727,281,386,4,2,12
727,222,686,5,2,12
727,21,403,1,2,12
727,194,151,3,2,12
727,11,612,14,2,12
727,409,663,4,2,12
727,327,501,11,2,12
727,313,466,19,2,12
727,719,15,24,2,12
727,77,72,1,2,12
727,55,196,5,2,12
727,661,635,14,2,12
727,582,393,6,2,12
727,557,279,2,2,8
727,666,398,2,2,8
727,8,90,7,2,12
727,55,43,3,2,12
733,656,69,9,2,16
733,188,29,1,2,10
733,452,294,1,2,10
733,680,424,5,2,16
733,534,350,17,2,16
733,721,591,1,2,16
733,157,139,1,2,16
733,91,552,7,2,16
733,534,665,2,2,16
733,190,198,13,2,16
733,511,171,3,2,16
733,269,244,11,2,16
733,256,159,13,2,16
733,670,718,1,2,16
733,269,274,10,2,16
733,188,439,1,2,10
733,517,122,5,2,16
733,281,546,2,2,10
733,222,389,3,2,16
733,670,404,14,2,16
739,406,365,4,2,12
739,5,500,10,2,12
739,28,396,2,2,12
739,645,392,4,2,12
739,223,11,22,2,10
739,56,532,34,2,12
739,317,89,20,2,12
739,230,454,11,2,12
739,552,222,9,2,12
739,663,124,2,2,12
739,734,423,13,2,12
739,659,309,3,2,12
739,500,184,13,2,12
739,66,495,5,2,12
739,80,208,11,2,12
739,393,322,8,2,12
739,194,365,9,2,10
739,509,73,8,2,12
739,57,327,2,2,12
739,683,273,10,2,12
743,9,282,1,2,25
743,615,147,2,2,25
743,31,383,6,2,25
743,21,435,3,2,25
743,567,701,2,2,25
743,711,623,5,2,25
743,355,8,8,2,25
743,711,314,12,2,25
743,67,296,2,2,25
743,390,559,4,2,25
743,325,243,6,2,7
743,31,35,1,2,25
743,615,451,5,2,25
743,412,184,1,2,25
743,222,636,6,2,25
743,151,516,1,2,25
743,534,266,8,2,25
743,238,137,2,2,25
743,592,707,2,2,25
743,391,574,11,2,25
751,497,545,17,2,6
751,470,135,12,2,12
751,176,358,14,2,12
751,284,657,5,2,12
751,26,433,12,2,12
751,179,351,3,2,6
751,227,591,5,2,12
751,498,377,1,2,12
751,263,21,2,2,6
751,359,206,6,2,12
751,208,603,23,2,6
751,535,497,8,2,12
751,170,700,3,2,12
751,179,582,7,2,6
751,411,167,9,2,12
751,456,387,5,2,12
751,57,150,1,2,12
751,59,96,3,2,6
751,658,394,1,2,12
751,694,693,11,2,12
757,702,532,15,2,16
757,679,272,2,2,16
757,119,471,7,2,16
757,131,394,13,2,16
757,100,428,4,2,16
757,179,337,5,2,16
757,578,304,4,2,16
757,101,493,1,2,16
757,679,434,7,2,16
757,625,359,4,2,16
757,88,108,2,2,16
757,72,112,3,2,16
757,15,562,3,2,16
757,280,108,2,2,16
757,733,322,3,2,16
757,13,249,2,2,16
757,542,419,2,2,16
757,18,484,11,2,16
757,479,103,17,2,16
757,409,176,12,2,16
761,325,4,8,1,20
761,260,170,7,1,20
761,285,742,12,1,20
761,101,635,4,1,20
761,739,17,7,1,20
761,708,118,13,1,20
761,76,476,9,1,20
761,739,137,20,1,20
761,495,115,5,1,20
761,569,278,9,1,20
761,604,360,8,1,20
761,503,554,3,1,20
761,195,32,5,1,20
761,3,329,1,1,20
761,652,405,3,1,20
761,685,267,13,1,20
761,495,680,2,1,20
761,652,392,7,1,20
761,670,587,5,1,20
761,591,724,16,1,20
769,742,153,17,1,16
769,322,12,23,1,16
769,654,450,37,1,16
769,77,160,3,1,16
769,707,579,9,1,16
769,637,634,13,1,16
769,188,662,21,1,16
769,565,222,13,1,16
769,75,4,1,1,16
769,432,673,4,1,16
769,428,461,5,1,16
769,593,240,1,1,16
769,226,193,1,1,16
769,565,679,18,1,16
769,62,125,6,1,16
769,226,425,3,1,16
769,428,169,5,1,16
769,735,306,13,1,16
769,428,17,4,1,16
769,199,272,25,1,16
773,266,204,13,1,26
773,128,95,3,1,26
773,735,678,1,1,26
773,671,403,12,1,26
773,181,241,3,1,26
773,444,571,2,1,26
773,441,97,7,1,26
773,576,542,1,1,26
773,301,87,2,1,26
773,597,460,6,1,26
773,709,538,26,1,26
773,176,68,3,1,26
773,28,724,4,1,26
773,233,627,3,1,26
773,565,413,4,1,26
773,710,178,16,1,26
773,576,146,9,1,26
773,710,242,6,1,26
773,441,584,8,1,26
773,537,685,9,1,26
787,455,150,8,2,12
787,194,287,5,2,10
787,684,657,8,2,12
787,455,433,11,2,12
787,257,600,3,2,12
787,593,436,2,2,10
787,286,40,35,2,12
787,5,425,1,2,12
787,23,381,19,2,10
787,197,501,6,2,10
787,292,466,10,2,12
787,485,310,2,2,10
787,656,225,1,2,12
787,561,165,7,2,12
787,136,154,34,2,12
787,389,245,4,2,12
787,8,69,9,2,12
787,8,146,1,2,12
787,630,285,7,2,12
787,557,35,4,2,12
797,210,679,22,2,20
797,210,418,17,2,20
797,186,56,3,2,20
797,734,60,7,2,20
797,50,598,4,2,20
797,242,61,6,2,20
797,665,144,4,2,20
797,668,248,6,2,20
797,63,273,5,2,20
797,778,568,2,2,20
797,423,689,2,2,20
797,247,123,10,2,10
797,89,493,24,2,10
797,774,722,1,2,20
797,19,327,10,2,20
797,782,701,3,2,20
797,708,309,7,2,10
797,768,581,1,2,20
797,509,584,9,2,20
797,611,519,4,2,20
809,806,760,12,2,12
809,703,666,2,2,12
809,335,399,10,2,12
809,474,30,2,2,12
809,321,578,24,2,12
809,597,764,24,2,12
809,8,581,12,2,12
809,437,363,8,2,12
809,224,318,20,2,12
809,53,349,9,2,12
809,8,699,40,2,12
809,508,404,10,2,12
809,18,172,2,2,12
809,806,207,2,2,12
809,53,10,4,2,12
809,321,728,2,2,12
809,801,203,8,2,12
809,597,59,5,2,12
809,252,21,4,2,12
809,134,498,4,2,12
811,23,284,4,2,12
811,196,537,1,2,12
811,154,561,1,2,12
811,254,492,5,2,12
811,333,99,1,2,20
811,580,138,3,2,20
811,333,688,7,2,20
811,616,164,9,2,12
811,459,411,4,2,20
811,80,428,5,2,12
811,266,415,8,2,12
811,292,371,7,2,20
811,727,615,4,2,12
811,340,651,10,2,12
811,313,285,5,2,12
811,368,778,1,2,12
811,662,588,3,2,20
811,688,321,10,2,12
811,662,572,12,2,20
811,311,769,3,2,20
821,39,373,29,2,6
821,480,462,3,2,18
821,92,232,6,2,18
821,456,811,7,2,18
821,37,338,18,2,6
821,92,325,25,2,18
821,207,116,3,2,6
821,620,39,16,2,6
821,145,738,8,2,18
821,21,136,2,2,6
821,430,209,4,2,6
821,232,514,5,2,18
821,770,142,2,2,18
821,314,288,2,2,18
821,761,200,26,2,18
821,341,359,6,2,18
821,44,154,20,2,6
821,777,351,4,2,6
821,201,9,24,2,6
821,341,542,7,2,18
823,47,281,9,2,4
823,712,226,3,2,4
823,748,721,45,2,14
823,179,661,2,2,14
823,297,596,1,2,4
823,519,788,13,2,4
823,249,674,40,2,14
823,166,228,35,2,14
823,488,35,5,2,4
823,249,200,60,2,14
823,166,366,10,2,14
823,712,281,1,2,4
823,422,190,12,2,4
823,444,425,3,2,14
823,388,185,4,2,14
823,763,268,7,2,14
823,804,571,3,2,14
823,589,495,54,2,14
823,812,244,2,2,4
823,776,522,3,2,4
827,554,465,11,1,9
827,488,764,3,1,9
827,166,398,7,1,9
827,661,473,45,1,9
827,328,764,39,1,9
827,166,655,79,1,9
827,488,350,4,1,9
827,295,541,24,1,9
827,661,211,37,1,9
827,479,37,40,1,9
827,328,163,101,1,9
827,499,550,16,1,9
827,545,133,60,1,9
827,479,664,42,1,9
827,532,690,59,1,9
827,499,737,2,1,9
827,295,386,5,1,9
827,488,705,12,1,9
827,661,288,31,1,9
827,166,731,52,1,9
829,637,138,9,1,12
829,37,711,6,1,12
829,59,357,5,1,12
829,648,229,12,1,12
829,533,120,11,1,12
829,618,739,37,1,12
829,685,315,14,1,12
829,441,77,25,1,12
829,107,631,3,1,12
829,439,779,19,1,12
829,631,90,8,1,12
829,455,40,11,1,12
829,59,73,2,1,12
829,230,102,74,1,12
829,19,336,6,1,12
829,144,514,65,1,12
829,35,251,26,1,12
829,37,372,24,1,12
829,792,270,12,1,12
829,685,251,9,1,12
839,104,405,18,2,4
839,642,320,12,2,4
839,600,117,2,2,9
839,726,369,4,2,4
839,286,819,13,2,9
839,735,770,4,2,4
839,735,763,12,2,4
839,504,8,9,2,4
839,618,573,22,2,4
839,81,159,31,2,4
839,591,495,144,2,9
839,470,11,3,2,4
839,221,265,1,2,4
839,546,824,18,2,9
839,758,814,16,2,4
839,559,745,4,2,9
839,104,235,37,2,4
839,200,2,30,2,4
839,629,406,9,2,9
839,248,100,4,2,9
853,287,522,10,2,10
853,524,539,3,2,16
853,287,609,1,2,10
853,358,774,1,2,16
853,99,88,13,2,10
853,524,463,13,2,16
853,812,540,32,2,16
853,632,87,26,2,16
853,450,380,14,2,16
853,812,691,16,2,16
853,612,653,31,2,10
853,417,429,2,2,10
853,450,389,22,2,16
853,553,695,4,2,10
853,403,53,55,2,16
853,555,348,9,2,10
853,156,381,6,2,16
853,812,51,11,2,16
853,612,323,44,2,10
853,632,426,6,2,16
857,448,320,8,2,12
857,737,261,37,2,12
857,742,126,3,2,12
857,580,680,20,2,12
857,793,20,18,2,12
857,144,321,57,2,12
857,113,499,7,2,12
857,713,608,41,2,12
857,760,710,21,2,12
857,115,493,1,2,12
857,623,842,8,2,12
857,567,682,8,2,12
857,690,201,13,2,12
857,564,31,9,2,12
857,271,79,13,2,12
857,586,529,47,2,12
857,334,391,5,2,12
857,634,494,9,2,12
857,586,778,11,2,12
857,685,717,31,2,12
859,353,98,8,2,14
859,534,553,2,2,16
859,594,789,5,2,14
859,353,813,7,2,14
859,724,161,1,2,14
859,348,500,4,2,14
859,482,184,6,2,14
859,39,547,9,2,16
859,469,186,6,2,14
859,775,659,13,2,14
859,598,809,3,2,14
859,522,514,11,2,14
859,429,218,7,2,14
859,270,173,6,2,16
859,63,267,1,2,14
859,209,823,1,2,16
859,117,668,20,2,16
859,67,638,2,2,14
859,64,687,11,2,14
859,207,659,4,2,14
863,576,76,16,2,13
863,382,735,3,2,13
863,251,623,1,2,13
863,409,448,4,2,13
863,529,75,2,2,13
863,529,283,11,2,13
863,583,505,15,2,13
863,34,298,3,2,13
863,280,116,19,2,13
863,862,243,16,2,13
863,859,747,22,2,13
863,859,167,6,2,13
863,862,821,15,2,13
863,327,364,13,2,13
863,806,833,7,2,13
863,586,387,1,2,13
863,57,242,9,2,13
863,754,60,16,2,13
863,109,854,36,2,13
863,254,773,42,2,13
877,335,601,5,2,18
877,3,44,1,2,12
877,406,65,3,2,18
877,121,170,6,2,12
877,504,664,10,2,18
877,857,857,3,2,12
877,692,227,6,2,18
877,471,808,14,2,18
877,857,377,18,2,12
877,157,579,15,2,12
877,796,605,2,2,12
877,610,786,10,2,12
877,89,12,10,2,18
877,250,348,17,2,18
877,424,431,3,2,18
877,471,370,7,2,18
877,522,26,1,2,18
877,845,332,5,2,18
877,831,436,3,2,18
877,845,859,2,2,18
881,711,236,2,2,16
881,476,464,9,2,8
881,799,426,5,2,16
881,867,514,9,2,8
881,688,366,32,2,8
881,557,387,5,2,16
881,178,385,16,2,16
881,773,45,1,2,16
881,711,652,12,2,16
881,265,765,12,2,8
881,14,567,20,2,8
881,166,819,2,2,16
881,789,844,3,2,16
881,546,55,16,2,16
881,405,620,4,2,8
881,170,12,21,2,16
881,347,438,14,2,16
881,276,236,16,2,16
881,392,655,6,2,8
881,265,383,4,2,8
883,490,122,15,2,10
883,769,642,4,2,6
883,553,876,4,2,10
883,833,91,9,2,6
883,340,49,2,2,10
883,508,820,3,2,10
883,839,260,6,2,10
883,206,326,8,2,10
883,483,838,3,2,10
883,7,450,1,2,6
883,508,165,9,2,10
883,750,850,7,2,10
883,138,28,34,2,6
883,618,81,29,2,10
883,321,590,6,2,10
883,121,608,9,2,6
883,514,156,8,2,10
883,345,56,16,2,6
883,598,195,12,2,10
883,839,89,15,2,10
887,72,576,4,2,22
887,373,273,1,2,22
887,102,498,5,2,22
887,207,25,2,2,22
887,72,222,1,2,22
887,615,188,2,2,22
887,588,730,11,2,22
887,24,853,11,2,22
887,536,548,3,2,5
887,873,459,1,2,22
887,82,877,7,2,22
887,601,697,5,2,22
887,393,692,2,2,22
887,373,737,6,2,22
887,526,57,1,2,22
887,732,5,1,2,22
887,133,710,1,2,22
887,571,260,2,2,22
887,745,267,2,2,22
887,435,793,1,2,22
907,863,511,6,2,22
907,751,278,10,2,22
907,62,702,15,2,22
907,575,392,1,2,22
907,579,32,1,2,22
907,115,179,7,2,22
907,426,505,3,2,22
907,866,842,2,2,22
907,47,674,6,2,22
907,447,897,1,2,22
907,823,250,15,2,22
907,523,531,4,2,22
907,322,574,4,2,22
907,94,844,9,2,22
907,493,393,2,2,22
907,845,18,7,2,22
907,823,669,10,2,22
907,617,24,13,2,22
907,61,404,7,2,22
907,214,358,3,2,22
911,307,342,20,2,10
911,654,304,7,2,10
911,147,244,8,2,18
911,655,696,2,2,18
911,807,117,15,2,18
911,256,162,4,2,18
911,204,238,7,2,10
911,256,20,5,2,18
911,784,434,25,2,10
911,699,542,6,2,10
911,808,593,5,2,10
911,723,322,6,2,10
911,637,47,1,2,18
911,306,428,11,2,10
911,170,443,8,2,10
911,358,459,6,2,10
911,118,533,14,2,18
911,16,138,6,2,10
911,118,774,11,2,18
911,694,790,47,2,10
919,648,91,7,2,18
919,771,330,10,2,12
919,351,422,3,2,12
919,882,4,5,2,12
919,568,199,15,2,12
919,270,272,14,2,12
919,390,131,16,2,12
919,217,159,3,2,12
919,218,94,2,2,12
919,889,615,8,2,18
919,853,28,7,2,12
919,831,47,24,2,18
919,218,231,1,2,12
919,759,669,21,2,12
919,220,633,7,2,18
919,663,912,3,2,12
919,229,593,11,2,12
919,537,732,2,2,12
919,69,910,5,2,12
919,853,621,4,2,12
929,325,51,2,2,16
929,339,738,1,2,24
929,168,680,22,2,24
929,835,45,2,2,16
929,604,333,22,2,16
929,545,636,5,2,24
929,644,407,14,2,16
929,239,620,11,2,24
929,121,869,16,2,16
929,694,380,6,2,16
929,594,292,8,2,16
929,644,595,4,2,16
929,838,856,9,2,16
929,633,718,9,2,24
929,497,889,2,2,16
929,230,657,4,2,24
929,517,682,1,2,24
929,831,497,42,2,24
929,600,458,1,2,24
929,600,59,15,2,24
937,194,101,2,2,12
937,254,418,7,2,24
937,781,20,3,2,24
937,819,282,43,2,24
937,729,444,1,2,12
937,930,607,13,2,12
937,562,559,1,2,24
937,428,22,2,2,24
937,194,575,25,2,12
937,408,423,9,2,24
937,325,61,6,2,12
937,883,238,5,2,24
937,741,490,1,2,24
937,509,387,11,2,24
937,617,594,1,2,12
937,485,142,26,2,12
937,346,376,10,2,24
937,485,810,2,2,12
937,655,139,12,2,24
937,465,886,3,2,12
941,598,354,14,2,10
941,357,89,20,2,28
941,635,801,21,2,28
941,505,382,4,2,28
941,724,850,9,2,10
941,529,555,10,2,28
941,419,908,5,2,10
941,860,335,11,2,10
941,397,928,36,2,28
941,407,710,7,2,10
941,335,310,23,2,10
941,436,667,8,2,28
941,306,531,25,2,28
941,775,856,10,2,28
941,68,455,18,2,10
941,883,462,1,2,10
941,544,813,1,2,28
941,829,371,2,2,28
941,498,531,3,2,28
941,81,588,21,2,10
947,303,199,32,2,11
947,528,756,9,2,11
947,327,88,2,2,31
947,12,629,14,2,11
947,901,636,4,2,31
947,860,486,8,2,11
947,231,136,2,2,31
947,946,636,4,2,31
947,268,262,11,2,11
947,131,611,4,2,31
947,327,472,8,2,31
947,644,282,1,2,11
947,831,715,1,2,11
947,815,160,4,2,11
947,116,897,3,2,11
947,813,910,3,2,31
947,303,691,2,2,11
947,343,9,2,2,31
947,472,475,6,2,11
947,53,889,19,2,31
953,734,312,56,2,36
953,604,751,21,2,36
953,149,365,20,2,36
953,497,856,1,2,36
953,610,519,19,2,36
953,711,108,9,2,36
953,349,514,13,2,36
953,804,168,12,2,36
953,575,22,10,2,36
953,497,829,9,2,36
953,610,487,2,2,36
953,149,197,3,2,36
953,69,911,9,2,4
953,17,769,15,2,36
953,604,393,3,2,36
953,125,588,18,2,36
953,829,194,6,2,36
953,423,797,6,2,36
953,797,326,9,2,36
953,138,724,70,2,4
967,757,665,7,2,26
967,477,387,3,2,8
967,28,872,7,2,8
967,389,798,17,2,8
967,642,689,13,2,26
967,746,67,10,2,26
967,172,831,14,2,26
967,944,400,7,2,8
967,583,185,35,2,26
967,77,233,1,2,8
967,410,742,8,2,8
967,490,395,13,2,8
967,457,540,10,2,8
967,545,794,8,2,26
967,594,155,4,2,26
967,910,873,1,2,8
967,78,868,3,2,8
967,854,612,1,2,8
967,904,228,1,2,8
967,655,190,1,2,26
971,385,30,17,2,8
971,865,383,10,2,28
971,687,408,10,2,28
971,961,274,1,2,8
971,575,609,5,2,8
971,72,844,2,2,8
971,357,524,8,2,8
971,451,928,1,2,28
971,451,921,2,2,28
971,216,406,5,2,28
971,648,806,13,2,8
971,296,366,15,2,28
971,899,854,37,2,8
971,575,914,12,2,8
971,138,770,3,2,28
971,511,216,8,2,28
971,426,203,10,2,28
971,72,175,19,2,8
971,426,572,18,2,28
971,243,385,1,2,28
977,800,670,3,2,8
977,350,944,4,2,32
977,279,500,15,2,32
977,782,451,11,2,32
977,746,443,1,2,32
977,750,529,2,2,8
977,823,40,2,2,32
977,83,697,23,2,32
977,179,702,9,2,8
977,753,869,7,2,32
977,51,315,13,2,32
977,97,453,1,2,8
977,228,531,5,2,32
977,262,434,27,2,8
977,372,688,16,2,8
977,894,280,13,2,32
977,52,378,29,2,32
977,377,647,1,2,8
977,894,93,3,2,32
977,154,390,7,2,32
983,482,17,4,2,33
983,706,603,7,2,33
983,876,944,5,2,8
983,246,821,8,2,33
983,571,535,4,2,33
983,642,843,7,2,33
983,717,48,3,2,8
983,717,504,6,2,8
983,277,664,5,2,33
983,285,929,5,2,33
983,5,109,9,2,8
983,551,718,34,2,33
983,707,222,18,2,33
983,672,120,69,2,8
983,728,316,3,2,8
983,835,548,4,2,33
983,221,931,21,2,33
983,689,968,21,2,33
983,148,493,6,2,33
983,629,585,11,2,33
991,416,871,2,2,16
991,927,451,16,2,16
991,683,804,27,2,16
991,927,117,16,2,16
991,698,55,1,2,16
991,869,119,1,2,16
991,485,444,5,2,16
991,17,315,2,2,16
991,575,973,12,2,16
991,974,43,1,2,16
991,786,375,14,2,16
991,246,596,11,2,16
991,244,870,18,2,16
991,93,603,5,2,16
991,927,295,5,2,16
991,183,228,11,2,16
991,217,402,6,2,16
991,32,607,1,2,16
991,890,227,3,2,16
991,149,694,6,2,16
997,766,426,9,2,20
997,961,293,9,2,20
997,551,253,6,2,12
997,581,439,2,2,20
997,20,876,5,2,12
997,230,555,9,2,12
997,1,993,7,2,12
997,756,11,4,2,20
997,272,648,3,2,20
997,696,102,39,2,12
997,507,720,1,2,20
997,231,338,1,2,20
997,406,151,8,2,12
997,983,888,6,2,12
997,836,944,15,2,12
997,37,255,1,2,12
997,705,461,11,2,12
997,817,942,5,2,12
997,937,313,2,2,12
997,513,44,10,2,20
